id,title,artist,video_id,cover,emotion_id
1,Happy,태연,uVuhV1VVeEI,https://i.pinimg.com/originals/a2/cb/87/a2cb873b21bce7bcd43d54709ae562f6.jpg,1
2,Mr. Blue Sky,Electric Light Orchestra,wuJIqmha2Hk,https://i.ytimg.com/vi/wuJIqmha2Hk/maxresdefault.jpg,1
3,풍선,동방신기,rdTVb64pfMs,https://i.ytimg.com/vi/H0MQJfgjl3o/hq720.jpg?sqp=-oaymwEZCNAFEJQDSFXyq4qpAwsIARUAAIhCGAFwAQ==&rs=AOn4CLCPDQQE8ZZb3SBLl4p1fd2Zfk2xtQ,1
4,행복,H.O.T,VBqu26E-K20,https://i.ytimg.com/vi/VBqu26E-K20/hq720.jpg?sqp=-oaymwEZCNAFEJQDSFXyq4qpAwsIARUAAIhCGAFwAQ==&rs=AOn4CLBEzYWWXCW5ZkToCYpJu4JhCOKBwQ,1
5,Come A Little Bit Closer,Jay And Americans,e3LVGBB94eY,https://passthepaisley.com/wp-content/uploads/2015/09/Jay-and-the-Americans-1-500x480.jpg,1
6,Uptown girl,Billy Joel,H6M0EulApMM,https://www.lyrics007.com/images/cover_art/0/164/71.jpg,1
7,Happy,Mocca,HduKGO9oPPI,https://img1.daumcdn.net/thumb/R800x0/?scode=mtistory2&fname=https%3A%2F%2Ft1.daumcdn.net%2Fcfile%2Ftistory%2F99F7AB3C5C3595D433,1
8,Just the way You Are,Bruno Mars,wGUKBXpfU1o,https://i.ytimg.com/vi/wGUKBXpfU1o/maxresdefault.jpg,1
9,Take on Me,A-ha,MIgK3zOk0zg,https://t1.daumcdn.net/cfile/tistory/99E64E3B5C149F7023,1
10,September,"Earth, Wind & Fire",3cKtSlsYVEU,https://img1.daumcdn.net/thumb/R720x0.q80/?scode=mtistory2&fname=http%3A%2F%2Fcfile7.uf.tistory.com%2Fimage%2F2113323D54232FC83705AF,1
11,Can't Take My Eyes Off You,Frankie Valli,3pYqVj-FyBk,https://img1.daumcdn.net/thumb/R800x0/?scode=mtistory2&fname=https%3A%2F%2Ft1.daumcdn.net%2Fcfile%2Ftistory%2F99895A33599E8AFD08,1
12,일과 이분의 일,투투,9jGnozOVOS8,"https://cdnimg.genie.co.kr/Y/IMAGE/IMG_ALBUM/080/413/971/80413971_1397801265578_1_600x600.JPG/dims/resize/Q_80,0",1
13,감사,김동률,CQOmKZh99Vw,https://image.bugsm.co.kr/album/images/500/80254/8025429.jpg,1
14,너의 밤은 어때,정은지,JicPLKaQHkQ,https://image.bugsm.co.kr/album/images/500/9967/996709.jpg,1
15,Endless Love,"Lionel Richie, Diana Ross",ubrfaD9DIus,https://i.pinimg.com/736x/9a/e3/fc/9ae3fc575987acc172181fa43d3231dc.jpg,1
16,별 보러 가자,적재,TlaGDYbxnJk,https://image.bugsm.co.kr/album/images/500/6248/624831.jpg,1
17,Tango,Abir,QhtGc2igBpU,https://mblogthumb-phinf.pstatic.net/MjAyMDA1MDFfMTEg/MDAxNTg4MzI0MjU4NTA3.KwZjid2ZUhsCUGGwAAWvTBTzXezlYSFGXgOObXPMy84g.57hhGIqLRsbAawK00g2SrdN83NeeiqqFWmOHNrK3r6wg.JPEG.csh03041/81116963_1540522350149_1_600x600.jpg?type=w800,1
18,좋은날,아이유,OIHlzvEKncQ,https://i1.sndcdn.com/artworks-000216389493-cbiq3w-t500x500.jpg,1
19,CAN'T STOP THE FEELING!,Justin Timberlake,YxRothF-QE4,https://images-na.ssl-images-amazon.com/images/I/61Pjjy1BCbL._SX342_QL70_ML2_.jpg,1
20,Love Never Felt So good,Michael Jackson,0wnuTGGuAVs,https://t1.daumcdn.net/cfile/blog/253250375655C23D32,1
21,나비와 고양이,볼빨간 사춘기,L17NNsFzRi4,https://image.bugsm.co.kr/album/images/500/203230/20323074.jpg,1
22,Sweet Dream,장나라,jdWu3O0enP8,https://e.snmc.io/i/600/w/63176ea56ce6698416cc77dd0bb593d7/4516066,1
23,나만 봄,볼빨간 사춘기,2ZdgQLJP08c,https://i1.sndcdn.com/artworks-000514395429-a7v0o7-t500x500.jpg,1
24,Dolphin,오마이걸,4JJFrjkRxmo,https://image.bugsm.co.kr/album/images/500/141168/14116820.jpg,1
25,널생각해,원모어찬스,vLRBqE3rRKU,https://image.bugsm.co.kr/album/images/500/2378/237875.jpg,1
26,땡땡땡,이달의 소녀,mntH6yL-4kY,https://blog.kakaocdn.net/dn/mL1Fq/btqBM6J0tD9/D9nlnFsUlXRiIivkKIPJO1/img.jpg,1
27,L.O.V.E.,Frank Sinatra,tmSzRx9RYLk,https://img.youtube.com/vi/tmSzRx9RYLk/0.jpg,1
28,This Girl,Kungs,kNtk-CnpL-Y,"https://images-eu.ssl-images-amazon.com/images/I/719iLQCyt-L._AC_UL600_SR600,600_.jpg",1
29,러브송,7공주,GJeIOG8UfkU,https://image.aladin.co.kr/product/5990/93/cover/e992437155_1.jpg,1
30,이상한사람,존박,0nwUYiucnpM,https://image.bugsm.co.kr/album/images/500/9378/937852.jpg,1
31,Bonfire,Peder Elias,fBv5lud-q4Q,https://image.bugsm.co.kr/album/images/500/9163/916340.jpg,1
32,Happy Things,제이레빗,Z10O-rmUDEo,https://i1.sndcdn.com/artworks-000096395047-7qpp38-t500x500.jpg,1
33,잘됐으면 좋겠다,홍대광,4rH_EjolRfc,https://image.bugsm.co.kr/album/images/original/5044/504402.jpg,1
34,RIDE,SOLE,fMXsETDG3MU,"https://cdnimg.genie.co.kr/Y/IMAGE/IMG_MUZICAT/IV2/Genie_Magazine/4176/Mgz_Sub_IMG_20171103102824.jpg/dims/resize/Q_80,0",1
35,View,샤이니,nThFdI4VbgA,https://1.bp.blogspot.com/-50J1BfXySzw/VVtUvMb2ZqI/AAAAAAAAALs/czfaX00Vc8s/s1600/odddddddddd.jpg,1
36,최고의 행운,첸(엑소),jKkuLPSCydI,https://image.bugsm.co.kr/album/images/500/4416/441672.jpg,1
37,2002,Anne-Marie,ee2mcqcGL_c,https://assets.audiomack.com/rosie18-3/3ec319fcc7fe488b07f9aa157225056b7f6e7d69cabb8e126162ab7f159d993d.jpeg?width=1000&height=1000&max=true,1
38,Fly Away,권진아,AuuMtPdKUf0,https://d3ttbrlvlwtn7f.cloudfront.net/upload/album/4199/ccc534cb-1acd-4be7-9b67-f4ec7609da9a_570.jpg,1
39,Milky Way,보아,HlEWgTUKsIk,https://image.yes24.com/momo/TopCate09/MidCate06/858887.jpg,1
40,BUNGEE,오마이걸,cvC7zYsMVco,https://cdnimg.melon.co.kr/cm/album/images/103/14/743/10314743_500.jpg?9111c765f3c06c197915a761ff0cbf62,1
41,Parade,윤하,BoTVJvvXNnc,https://www.mintpaper.co.kr/wp-content/uploads/2017/12/younha.jpg,1
42,투게더,잔나비,1HfsK4rzr5s,https://images.genius.com/bc44d786b88f7e4bdbb3834cc94b810b.1000x1000x1.jpg,1
43,와르르,Colde,zrbvbBoWQg8,https://images.genius.com/aad26f37fb5b95c245f7e5ab38f81205.1000x1000x1.jpg,1
44,너에게 닿기를,10cm,xvxYEthSt2U,https://c-sf.smule.com/rs-s92/arr/18/24/11dde2da-ca3b-40a6-a926-3626508902e3.jpg,1
45,Call Me,비투비,0unJHBOOx1Y,https://image.genie.co.kr/Y/IMAGE/IMG_ALBUM/081/072/207/81072207_1529309873134_1_600x600.JPG,1
46,갖고놀래,범키,zHd1JcExu1k,https://www.akbobada.com/home/akbobada/archive/akbo/img/55382.jpg,1
47,Bad Girl,범키,TxMnYx3L5lU,https://i0.wp.com/colorcodedlyrics.com/wp-content/uploads/2013/06/coveruct.jpg?fit=640%2C640&ssl=1,1
48,Blueming,아이유,D1PvIWdJ8xo,https://images.genius.com/570f182ed6c180ebb64f16182550dda2.1000x1000x1.jpg,1
49,꽃길만 걷게 해줄게,DAYBREAK,Umzcia9C-ho,https://image.bugsm.co.kr/album/images/500/5687/568771.jpg,1
50,행복한 나를,허각,lPz47_lK574,https://image.bugsm.co.kr/album/images/500/2460/246074.jpg,1
51,예쁘다,세븐틴,pxC7XsOHqxI,https://cdnimg.melon.co.kr/cm/album/images/026/80/682/2680682_500.jpg?cde46cb9eb41b1cb1320c66b74e4f912/melon/resize/282/quality/80/optimize,1
52,이게 무슨 일이야,B1A4,oqxHy4G9FMI,https://image.bugsm.co.kr/album/images/500/3679/367982.jpg,1
53,별빛이 내린다,안녕바다,zKEvPG4yhbA,https://pic.pimg.tw/indapi/1433553473-3331945930.jpg,1
54,봄날,BTS,jIKS7mTbXpM,https://i1.sndcdn.com/artworks-000218005904-fimoup-t500x500.jpg,1
55,예뻤어,DAY6,Mhyi9p7T7OM,https://encrypted-tbn0.gstatic.com/images?q=tbn%3AANd9GcTeRKegwYmnhqr9qs424IvAQiXqbDcJXhkbrA&usqp=CAU,1
56,잘 살고 있지롱,윤딴딴,nBBrAvZ8BBk,https://image.bugsm.co.kr/album/images/500/202598/20259810.jpg,1
57,취기를 빌려,산들,2COAu1l6hUQ,https://image.bugsm.co.kr/album/images/500/9887/988734.jpg,1
58,나랑 같이 걸을래,적재,cn8gCkw6H5A,https://image.bugsm.co.kr/album/images/350/9988/998892.jpg,1
59,Piano Man,Billy Joel,QwVjTlTdIDQ,https://upload.wikimedia.org/wikipedia/ko/0/00/%EB%B9%8C%EB%A6%AC_%EC%A1%B0%EC%97%98_-_Piano_Man_%EC%9D%8C%EB%B0%98.jpg,2
60,Homesick,Loving Caliber,K7cEGhQBrqw,https://d34qmkt8w5wll9.cloudfront.net/commercial-releases/cover_art/jpeg/2521.jpg,2
61,Photograph,Ed Sheeran,SlbfAYvA_gI,https://upload.wikimedia.org/wikipedia/ko/f/fc/%EC%97%90%EB%93%9C_%EC%8B%9C%EB%9F%B0_x.png,2
62,"Take Me Home, Country Roads",John Denver,1vrEljMfXYo,https://cdn-s3.allmusic.com/release-covers/400/0001/226/0001226070.jpg,2
63,해바라기,가비엔제이,NvIvzAtu2LQ,https://image.yes24.com/goods/3669685/L,2
64,형,노라조,K7LnjbxJB9E,https://t1.daumcdn.net/cfile/tistory/99AE034D5B3F60F70E,2
65,친구놈들아,싸이,AdLjSIxzrzc,https://image.bugsm.co.kr/album/images/500/80202/8020251.jpg,2
66,소녀,이문세,cZQVWlr8AAA,https://image.yes24.com/goods/1388414/L,2
67,사랑은 지날수록 더욱 선명하게 남아,전상근,02GLhppUhZU,https://image.bugsm.co.kr/album/images/500/203297/20329794.jpg,2
68,민들레,우효,Fwk44SRRO9E,https://cdnimg.melon.co.kr/cm/album/images/100/66/942/10066942_500.jpg?cbb2353535ac02552b9ceb224e9cebac/melon/quality/80/optimize,2
69,사랑하자,SG워너비,lsntUPqWBYs,https://t1.daumcdn.net/cfile/tistory/24421E3A56FD2A1C23,2
70,빈차,에픽하이,6U2h_iccLXE,https://image.genie.co.kr/Y/IMAGE/IMG_ALBUM/080/991/334/80991334_1508741715086_1_600x600.JPG,2
71,웃는거야,서영은,qMCtjPSp54I,https://image.bugsm.co.kr/album/images/500/80170/8017014.jpg,2
72,Lovesick Girls,BLACKPINK,D8RZbI1jfQ0,https://t1.daumcdn.net/cfile/tistory/999B794D5F7705C034,2
73,Gravity,John Mayer,_iGOWk-r614,https://e.snmc.io/i/300/w/8fd1aca11ccba0a2079d74c231f0bdb4/1941196,2
74,Second Romance,Yuhki Kuramoto,nIMNhrmntYo,https://i.ytimg.com/vi/flE3vtJaOj8/hqdefault.jpg,2
75,오르막길,정인,5DxWlQKC7DI,https://image.bugsm.co.kr/album/images/500/3309/330924.jpg,2
76,아름답고도 아프구나,비투비,5zae7TdE848,https://image.bugsm.co.kr/album/images/500/202024/20202481.jpg,2
77,매일 듣는 노래,황치열,s6H5P3UpyJY,https://image.bugsm.co.kr/album/images/500/6471/647192.jpg,2
78,아퍼,기리보이,veRIGU--tec,https://images.genius.com/07bd54969e8a8614433312bd84248eaa.1000x1000x1.jpg,2
79,SAD,XXXTENTACION,pgN-vvVVxMA,https://image.genie.co.kr/Y/IMAGE/IMG_ALBUM/081/041/210/81041210_1520473116652_1_600x600.JPG,2
80,탈진,윤종신,dPrh7gvFWus,https://image.genie.co.kr/Y/IMAGE/IMG_ALBUM/080/768/270/80768270_1450773550566_1_600x600.JPG,2
81,바람이 부네요,이소라,JfPraFScArI,https://image.bugsm.co.kr/album/images/500/203232/20323213.jpg,2
82,"사랑 못해, 남들 쉽게 다 하는 거",먼데이키즈,aPujgZn2PCg,https://img6.yna.co.kr/etc/inner/KR/2020/10/21/AKR20201021030200005_01_i_P2.jpg,2
83,Come Back,김효은,6VQJViW_h30,https://image.bugsm.co.kr/album/images/200/203520/20352021.jpg?version=20200929002429.0,2
84,오늘 뭐 했는지 말해봐,권진아,5jZz-QHJ0So,https://t1.daumcdn.net/cfile/tistory/9907BE385D84D94317?original,2
85,밤이 깊었네,Crying Nut,aEib5H5XUzA,https://image.genie.co.kr/Y/IMAGE/IMG_ALBUM/015/025/205/15025205_1349678982809_1_600x600.JPG,2
86,어떤하루,어반자카파,A_Tshv1sWGE,https://image.bugsm.co.kr/album/images/500/3987/398757.jpg,2
87,나는 반딧불,중식이,Fz1cJ5XRI6I,https://image.bugsm.co.kr/album/images/500/203202/20320264.jpg,2
88,아파,2NE1,QOlf7o26oOE,https://images.genius.com/88013507b6245e945ab4d8aec9e14041.640x640x1.jpg,2
89,3 Foot Tall,Classified,NEHJ2xSLGkM,https://i1.sndcdn.com/artworks-000053510456-ez455a-t500x500.jpg,2
90,Stay,Post Malone,4Ukh9aQBzWc,https://i.pinimg.com/originals/73/ce/fb/73cefb0603ddf5b5d6527a09fa7bc4c6.png,2
91,L*** Is A Bad Word,Kiiara,JoEqOLRYewE,https://mblogthumb-phinf.pstatic.net/MjAyMDA0MTVfMTEg/MDAxNTg2ODc4MzEzOTY0.qwfNA_SXs_7jhzMbVmqqtNUMQSSGZpVB8ZKRg09I8Zwg.5Dm4eERBEmsy-Mv4wUrvKVObJ6B1swvRyqouRA_VhO8g.JPEG.mazokiki0405/kiiara_-_l_is_a_bad_word.jpeg?type=w800,2
92,"스물다섯, 스물하나",자우림,Ts20_7v14ZA,https://ticketimage.interpark.com/interparkenter/jaurim/discography/jaurim_discography_pc_cover(530x530px)_01.jpg,2
93,시든 꽃에 물을 주듯,박혜원,BDqUNyV7UmU,https://image.genie.co.kr/Y/IMAGE/IMG_ALBUM/081/179/371/81179371_1553847956575_1_600x600.JPG,2
94,안녕,폴킴,ykHXtyVJB0g,https://image.bugsm.co.kr/album/images/500/202708/20270833.jpg,2
95,체념,빅마마,ULfAaYIuldI,"https://cdnimg.genie.co.kr/Y/IMAGE/IMG_ALBUM/015/027/640/15027640_1399965645543_1_600x600.JPG/dims/resize/Q_80,0",2
96,옛사랑,이문세,BDH4M5stzqM,https://img1.daumcdn.net/thumb/R800x0/?scode=mtistory2&fname=https%3A%2F%2Ft1.daumcdn.net%2Fcfile%2Ftistory%2F221BB2425970507709,2
97,Love Poem,아이유,kcx0a2OAhN0,https://encrypted-tbn0.gstatic.com/images?q=tbn%3AANd9GcSNz6hwJ6dUPLjZ84MohAeNvgq-L0JtvIuZ5Q&usqp=CAU,2
98,U & I,토이,VWqblSZDrtY,https://upload.wikimedia.org/wikipedia/ko/thumb/9/96/Da_Capo-%ED%86%A0%EC%9D%B4.jpg/220px-Da_Capo-%ED%86%A0%EC%9D%B4.jpg,2
99,I'm Not The Only One,Sam Smith,67ibXO8viXE,https://mblogthumb-phinf.pstatic.net/MjAyMDAzMDFfMTY5/MDAxNTgzMDAxMjQ4NDU1.D-ceoJ4VNvU5FclYX1Hn8SvD9HYGc1ojlExTG23j3pQg.YDVQ_U-VqwcZD6DyqElCvpbM4MiToA0-KxLelCX3OOMg.JPEG.mm_o_/Sam_Smith_-_I%27m_Not_The_Only_One.jpg?type=w800,2
100,사랑이란 멜로는 없어,전상근,kWBn-kx5ZZk,https://image.bugsm.co.kr/album/images/500/202760/20276025.jpg,2
101,Reflection,Christina Aguilera,t5vur4_NO9g,https://encrypted-tbn0.gstatic.com/images?q=tbn%3AANd9GcQYYugbpRnhEYw8heS0jH9s5yhB1Nch0njUwg&usqp=CAU,2
102,Slow,SOLE,Ms6aW53r67w,https://image.genie.co.kr/Y/IMAGE/IMG_ALBUM/081/084/162/81084162_1531447751484_1_600x600.JPG,2
103,2G Love,THAMA,27n0nKGHzuU,https://images.genius.com/e148d75ba740c15bcf96a6741cdbeb7d.999x999x1.jpg,2
104,Alone,크러쉬,5v7b6I2ZoFI,https://sleeplessaliana.files.wordpress.com/2019/12/crush-2nd-album-from-midnight-to-sunrise.jpg,2
105,갈 수가 없어,벤,qu1ZDoki1PY,https://image.bugsm.co.kr/album/images/500/201309/20130956.jpg,2
106,힘내!,소녀시대,-Hi1P7LTshM,https://upload.wikimedia.org/wikipedia/ko/thumb/1/1f/%EC%86%8C%EB%85%80%EC%8B%9C%EB%8C%80_-_Gee_%28EP%29.jpg/220px-%EC%86%8C%EB%85%80%EC%8B%9C%EB%8C%80_-_Gee_%28EP%29.jpg,2
107,시간과 낙엽,악동뮤지션,dbpepFegS6Y,https://image.bugsm.co.kr/album/images/500/4560/456069.jpg,2
108,내일은 고백할게,태연,BWksgZHmDpc,https://blog.kakaocdn.net/dn/u2mti/btqIRZjKi4M/q8OqpALYDcmRNaEys1MoQ1/img.jpg,2
109,이게 사랑이 아니면,버벌진트,fKLdmN2X9VI,https://image.bugsm.co.kr/album/images/500/3586/358635.jpg,2
110,그때가 좋았어,케이시,fD1OjaLdLx4,https://img1.daumcdn.net/thumb/R800x0/?scode=mtistory2&fname=https%3A%2F%2Ft1.daumcdn.net%2Fcfile%2Ftistory%2F99DB3F435C53874927,2
111,사랑이었다,지코,if4m99lM24s,https://image.bugsm.co.kr/album/images/500/200188/20018879.jpg,2
112,어떤가요,정승환,GZBABj18aE0,https://image.genie.co.kr/Y/IMAGE/IMG_ALBUM/081/056/658/81056658_1524208645394_1_600x600.JPG,2
113,너를 보내고,윤도현 밴드,brKH-IsAA2s,https://1.bp.blogspot.com/-jNr5Vutw6J4/WKKRt1AetBI/AAAAAAAAWF0/m0gtuntP7AwZA_qJ40lIWfbaF7pycwZrwCPcB/s1600/YB%2B-%2B%25ED%2595%259C%25EA%25B5%25AD%2BRock%2B%25EB%258B%25A4%25EC%258B%259C%2B%25EB%25B6%2580%25EB%25A5%25B4%25EA%25B8%25B0%2B1999.png,2
114,그게 아니고,10cm,k1fUhcy-548,https://image.bugsm.co.kr/album/images/500/2632/263269.jpg,2
115,Memories,Maroon 5,1w6xKlGRg_c,https://t1.daumcdn.net/cfile/tistory/99A3D4495F847EF105,2
116,그때 그 아인,김필,xYvO_mYfOfk,https://img.hankyung.com/photo/202002/20200215144446_5e47854ec63f7_1.jpg,2
117,응급실,Izi,E-BvyQb7mWE,https://image.genie.co.kr/Y/IMAGE/IMG_ALBUM/015/029/371/15029371_1342400749964_1_600x600.JPG,2
118,나의 모든 순간,NCT127,LM-Oo1zj-u4,https://images.genius.com/2f64ace27131f2b1e1205d6aa9741958.1000x1000x1.jpg,2
119,서울은 흐림,못,p2FQGboggQI,https://image.yes24.com/goods/2546346/L,2
120,꽃 피는 계절처럼,신해경,kFVItQeRHNQ,https://image.bugsm.co.kr/album/images/350/203315/20331520.jpg,2
121,Normal,Sasha Sloan,SqK_9tpt_SY,https://static.qobuz.com/images/covers/2a/ym/hu1h11qqfym2a_600.jpg,2
122,U R,태연,woqRmrtVhgM,https://image.bugsm.co.kr/album/images/500/5351/535158.jpg,2
123,London,백예린,nOl0E7L2Qz8,https://image.bugsm.co.kr/album/images/500/202938/20293803.jpg,2
124,똑같았을거야,공기남,aO_Ui_--OKs,https://image.bugsm.co.kr/album/images/500/8322/832294.jpg,2
125,언젠가 설명이 필요한 밤,안녕하신가영,u6qg5ao9ryM,https://image.genie.co.kr/Y/IMAGE/IMG_ALBUM/080/446/491/80446491_1404377892680_1_600x600.JPG,2
126,야작시,적재,YyTpnELlb-8,https://image.bugsm.co.kr/album/images/350/203478/20347883.jpg,2
127,달팽이,패닉,wNV3r3zBQDI,https://image.bugsm.co.kr/album/images/500/32/3255.jpg,2
128,아버지,싸이,IcOpvfPx1C0,https://www.musickorea.com/storage/woo680821EN/www/prefix/product/2018/12/O/product.16553.152153459285550.JPG,2
129,See You Again,Wiz Khalifa,nugmZqIP0uk,https://img1.daumcdn.net/thumb/R800x0/?scode=mtistory2&fname=https%3A%2F%2Ft1.daumcdn.net%2Fcfile%2Ftistory%2F999246495ABCB86610,2
130,원하고 원망하죠,애즈원,kyoghOpNseY,"https://cdnimg.genie.co.kr/Y/IMAGE/IMG_ALBUM/080/379/172/80379172_1383703320854_1_600x600.JPG/dims/resize/Q_80,0",2
131,신청곡,이소라,f6kVxoEPIKY,https://cdnimg.melon.co.kr/cm/album/images/102/44/499/10244499_500.jpg?4fee84ae880e1c6e61ccc739f38032e3/melon/quality/80/optimize,2
132,겁,송민호,H5lqjJVQIxs,https://ilyricsbuzz.com/wp-content/uploads/2015/09/Show-Me-The-Money-4-Episode-5.jpg,2
133,발걸음,Emerald Castle,ZKOwyeFgcAo,https://image.auction.co.kr/itemimage/e9/00/a5/e900a5a66.jpg,2
134,비의 랩소디,최재훈,UdGC9bPtupk,https://cdnimg.melon.co.kr/cm/album/images/000/04/986/4986_500.jpg/melon/quality/80/optimize,2
135,...사랑했잖아...,린,nj_6geqNPLA,https://image.aladin.co.kr/product/17921/35/cover500/scm216137084065.jpg,2
136,널 사랑하지 않아,어반자카파,fYsDi91T-SA,https://cdnimg.melon.co.kr/cm/album/images/026/87/420/2687420_500.jpg,2
137,다른 사람을 사랑하고 있어,수지,gq0_DO_9_R4,https://images.chosun.com/resizer/NV4-DGrWHMjp39dHjO64h41AXdQ=/464x0/smart/cloudfront-ap-northeast-1.images.arcpublishing.com/chosun/4CDCRJ6MEJNSPK55ZOPNPVYZDY.jpg,2
138,못해,포맨,2i-hqulIveM,https://image.bugsm.co.kr/album/images/500/2150/215087.jpg,2
139,비행기,거북이,dXQzwNb8G7g,https://image.bugsm.co.kr/album/images/500/80201/8020122.jpg,3
140,빙고,거북이,mIrEcebqm20,https://image.bugsm.co.kr/album/images/500/80019/8001946.jpg,3
141,Don't Stop Me Now,Queen,hBp4dgE7Bho,https://sangeomusic.com/wp-content/uploads/2020/06/Bohemian-Rhapsody-324x324-1-1.jpg,3
142,Uptown Funk,Mark Ronson,tYvFa2ARD24,https://img1.daumcdn.net/thumb/R720x0.q80/?scode=mtistory2&fname=http%3A%2F%2Fcfile10.uf.tistory.com%2Fimage%2F994E45495CC1927C16E5DE,3
143,Walikng On Sunshine,Katrina And The Waves,HmR2IZjuMVc,https://m.media-amazon.com/images/I/71qu5+dqjpL._SS500_.jpg,3
144,400km,한요한,-iPWHBqsWfM,https://image.bugsm.co.kr/album/images/500/203151/20315104.jpg,3
145,Trip,Leellamarz,5C-UzW1FLiA,"https://i.kfs.io/album/global/39553216,0v1/fit/500x500.jpg",3
146,Billie Jean,Michael Jackson,Kr4EQDVETuA,https://encrypted-tbn0.gstatic.com/images?q=tbn%3AANd9GcSIBtdxB0BGouo_G-RzFuz3274OVtRtC_Zv8w&usqp=CAU,3
147,여행을떠나요,이승기,c39i3mjROmo,https://image.bugsm.co.kr/album/images/500/1545/154541.jpg,3
148,여행,볼빨간사춘기,aa1iMb-2TJ8,https://cdnimg.melon.co.kr/cm/album/images/101/70/069/10170069_500.jpg?107db514a95bc76cca29db1d2678921b,3
149,Smile Boy,이승기,fGauJC29ONM,https://image.bugsm.co.kr/album/images/500/80293/8029356.jpg,3
150,하늘을 달리다,이적,xwaoYLjibeg,https://img1.daumcdn.net/thumb/R800x0/?scode=mtistory2&fname=https%3A%2F%2Ft1.daumcdn.net%2Fcfile%2Ftistory%2F2055B52E4CE3CADF37,3
151,딩가딩가,마마무,LzmdGtzby2s,https://image.genie.co.kr/Y/IMAGE/IMG_ALBUM/081/663/433/81663433_1603171261713_1_600x600.JPG,3
152,Thunder,Imagine Dragons,4AqjqOqNrjw,https://upload.wikimedia.org/wikipedia/en/2/28/Imagine_Dragons_Thunder.jpg,3
153,OHIO,크러쉬,DsEVgvCB6PE,https://images.genius.com/75feed73dd21953a53ac97915e61d1dc.600x600x1.jpg,3
154,흔들리는 꽃들 속에서 네 샴푸향이 느껴진거야,장범준,689GoEBjMhY,https://image.bugsm.co.kr/album/images/500/202726/20272602.jpg,3
155,뜨거운 안녕,싸이,BD3MbtUBuTM,https://i.ytimg.com/vi/zDyXwcWM3m0/maxresdefault.jpg,3
156,챔피언,싸이,wV8HnthSC90,https://s.mxmcdn.net/images-storage/albums/2/6/2/4/4/5/26544262_800_800.jpg,3
157,강남스타일,싸이,9bZkp7q19f0,https://upload.wikimedia.org/wikipedia/ko/1/15/%EC%8B%B8%EC%9D%B4_-_%EA%B0%95%EB%82%A8%EC%8A%A4%ED%83%80%EC%9D%BC.png,3
158,Run To You,DJ DOC,pR5sDqm8Wys,https://i1.sndcdn.com/artworks-000128746985-743ve3-t500x500.jpg,3
159,Warriors,imagine dragon,1uBPOu3si5w,https://upload.wikimedia.org/wikipedia/en/f/fb/Song_Cover_for_%22Warriors%22_by_Imagine_Dragons.jpg,3
160,Dynamite,BTS,NvK9APEhcdk,https://images.genius.com/f3e5004043bf81134c629b0dece156c3.870x870x1.jpg,3
161,Love is an open door,겨울왕국,Jf5VVKZVpb8,"https://images-na.ssl-images-amazon.com/images/I/91EFrR3k2PL._AC_UL600_SR600,600_.jpg",3
162,Maria,화사,GCWdUH18pPc,https://blog.kakaocdn.net/dn/cyHsOs/btqFoAuBArc/h0tkf2bW0EvKCT58GD4EF0/img.jpg,3
163,Sit Down,NCT127,CzRPThEv-uc,https://www.wowkorea.live/img/album/47/236106/307856_m.jpg,3
164,METEOR,창모,lOrU0MH0bMk,https://image.genie.co.kr/Y/IMAGE/IMG_ALBUM/081/321/723/81321723_1575013966692_1_600x600.JPG,3
165,깊은 밤을 날아서,이문세,4mozUs2aIAg,https://i.ytimg.com/vi/_xXLKrRFQUk/maxresdefault.jpg,3
166,조조할인,이문세,yFbUis9rieU,https://cdnimg.melon.co.kr/cm/album/images/000/04/428/4428_500.jpg,3
167,눈누난나,제시,tJQaUW36pMw,https://www.m-i.kr/news/photo/202007/733837_514903_917.jpg,3
168,Savage Love,BTS,qvu4nPMyl3U,https://image.genie.co.kr/Y/IMAGE/IMG_ALBUM/081/608/342/81608342_1601614360183_1_600x600.JPG,3
169,PLAY,청하,jPFrHYXYxak,https://cdnimg.melon.co.kr/cm2/album/images/104/56/137/10456137_20200706153246_500.jpg?9bb5242191e45f3ff48d5683c8cf723d,3
170,6am,리듬파워,_BzRiUPntX0,"https://i.kfs.io/album/global/62793458,0v1/fit/500x500.jpg",3
171,롤러코스터,청하,900X9fDFLc4,https://cdnimg.melon.co.kr/cm/album/images/101/29/940/10129940_500.jpg?7927567fafcd0927e9ea69da7ae70582,3
172,다시 만난 세계,소녀시대,dFkDvvV60-Q,https://image.genie.co.kr/Y/IMAGE/IMG_ALBUM/051/320/689/51320689_1323228273833_1_600x600.JPG,3
173,Trap,헨리,vBtlveoOiRE,https://withdrama.co.kr/web/product/big/20191211/9afdb1807b75d59d6263e1dde4c824bd.jpg,3
174,Dinosaur,악동뮤지션,Slxqols4jLw,https://cdnimg.melon.co.kr/cm/album/images/100/81/450/10081450_500.jpg?33ce1d2928445c509561fe6c1d334f98,3
175,MOVIE STAR,CIX,eGIdNLh31lY,https://images.genius.com/eb4c516c8b2f5e9b38c02dd5364772ea.600x600x1.jpg,3
176,Blinding Lights,The Weeknd,fHI8X4OXluQ,https://upload.wikimedia.org/wikipedia/en/e/e6/The_Weeknd_-_Blinding_Lights.png,3
177,Rising Sun,동방신기,VYaC6N4ihDQ,https://image.bugsm.co.kr/album/images/500/80111/8011132.jpg,3
178,주문,동방신기,9r1lvcI-D6k,https://image.bugsm.co.kr/album/images/500/1638/163881.jpg,3
179,Brand New,신화,6a5vdG-HigY,https://image.bugsm.co.kr/album/images/500/80004/8000428.jpg,3
180,So Cool,씨스타,Pj3q0ZChgFE,https://cdnimg.melon.co.kr/cm/album/images/020/06/957/2006957_500.jpg?6f5788f0274873a90899e95202de81d1/melon/resize/282/quality/80/optimize,3
181,에잇,아이유,5_IYVichXbA,https://cdnimg.melon.co.kr/cm2/album/images/104/26/648/10426648_20200506153340_500.jpg?0ed92b652a9149e26387233529a32781,3
182,Square,백예린,hROi9pWkZfE,https://t1.daumcdn.net/cfile/tistory/995A24495DF63E4012,3
183,시작,가호,uqmv4xBLt5k,https://image.bugsm.co.kr/album/images/500/203033/20303385.jpg,3
184,BOSS,NCT U,0AUFyFEt35g,https://i.pinimg.com/originals/b4/8a/3e/b48a3e53aebbb50eca10a096049c9eef.jpg,3
185,나에게로 떠나는 여행,버즈,5mDn3cUktv0,https://image.bugsm.co.kr/album/images/500/80070/8007002.jpg,3
186,비망록,버즈,UA0oWOCs8_o,https://image.bugsm.co.kr/album/images/500/80070/8007002.jpg,3
187,Funny Rock,버즈,shDNsOCmllg,https://image.bugsm.co.kr/album/images/500/80070/8007002.jpg,3
188,벚꽃엔딩,버스커버스커,MzF5bWjKjjI,https://cdnimg.melon.co.kr/cm/album/images/020/97/226/2097226_500.jpg,3
189,막걸리나,버스커버스커,TlgXOM2N5fo,https://image.bugsm.co.kr/album/images/500/3113/311330.jpg,3
190,Adrenaline (아드레날린),소녀시대-태티서,iWOQ_L7s2Mc,https://image.bugsm.co.kr/album/images/500/4507/450789.jpg,3
191,I CAN'T STOP ME,트와이스,3d-D5bLDZSk,https://sleeplessaliana.files.wordpress.com/2020/10/twice-2nd-album-eyes-wide-open.jpg,3
192,OOH-AHH하게,트와이스,0rtV5esQT6I,https://m.withdrama.co.kr/web/product/big/withdrama_5081.jpg,3
193,Cheer up,트와이스,prWVZFgZ3Zc,https://image.melon.co.kr/cm/album/images/026/81/333/2681333_org.jpg,3
194,Checklist,MAX,g5WaJyEPP5g,https://image.bugsm.co.kr/album/images/500/135627/13562762.jpg,3
195,HER,블락비,o0WCva5Stk4,https://image.bugsm.co.kr/album/images/500/4245/424591.jpg,3
196,Part of Your World,Jodi Benson,sg1Y6Vxl6Nk,https://m.media-amazon.com/images/I/51AyimeQitL._SS500_.jpg,3
197,LALALILALA,에이프릴,lT31E8V7GIo,https://cdnimg.melon.co.kr/cm2/album/images/104/21/256/10421256_20200422151947_500.jpg/melon/sharpen/0x1,3
198,The power of love,Celine Dion,Y8HOfcYWZoo,https://cdnimg.melon.co.kr/cm/album/images/000/90/237/90237_500.jpg/melon/quality/80/optimize,3
199,I Feel It Coming,The Weeknd,qFLhGq0060w,https://upload.wikimedia.org/wikipedia/en/thumb/3/3b/The_Weeknd_-_I_Feel_It_Coming.png/220px-The_Weeknd_-_I_Feel_It_Coming.png,3
200,Worship,MAX,qA7hsFLvepc,https://image.genie.co.kr/Y/IMAGE/IMG_ALBUM/081/108/893/81108893_1538627533391_1_600x600.JPG,3
201,꽃,김하온,JnRgyry6rs0,https://cdnimg.melon.co.kr/cm/album/images/102/43/582/10243582_500.jpg?562fb8160ba54ea0d580cbe97d8249b5/melon/resize/282/quality/80/optimize,3
202,붕붕,김하온,xLuwg23DmW0,https://image.bugsm.co.kr/album/images/500/201603/20160373.jpg,3
203,같은 시간 같은 자리,NCT DREAM,NOieK5hNXMo,https://image.bugsm.co.kr/album/images/500/201139/20113902.jpg,3
204,All I Wanna Do,박재범,lT7Q93fy1us,https://image.bugsm.co.kr/album/images/500/200620/20062066.jpg,3
205,Drive,박재범,8HFxbY8YvDk,https://image.bugsm.co.kr/album/images/500/200620/20062066.jpg,3
206,Suge,Dababy,KvuQNNVrbtM,https://upload.wikimedia.org/wikipedia/en/9/98/Dababy_BabyOnBaby.jpg,3
207,cloud,프라이머리,qEgAzTbBkgQ,https://image.genie.co.kr/Y/IMAGE/IMG_ALBUM/081/604/411/81604411_1601272444672_1_600x600.JPG,3
208,씨스루,프라이머리,Na7voCrpzF0,https://image.bugsm.co.kr/album/images/500/3277/327741.jpg,3
209,Windy Day,오마이걸,AJqhKWo89FQ,https://withdrama.co.kr/web/product/big/201605/5559_shop1_489540.jpg,3
210,All mine,f(x),f4_3dWqu6kM,https://image.bugsm.co.kr/album/images/500/200467/20046728.jpg,3
211,희망 (original version),박세아,PPoHpGzcWLI,https://image.genie.co.kr/Y/IMAGE/IMG_ALBUM/080/622/512/80622512_1435629628814_1_600x600.JPG,3
212,Physical,Dua Lipa,Dzs9hf9Cik8,https://cdnimg.melon.co.kr/cm2/artistcrop/images/008/89/721/889721_20201021143804_500.jpg?ac19bb78954f9497ec88356cc6a4af8f/melon/quality/80/optimize,3
213,Holiday,Little Mix,-7cThZB-jCY,https://upload.wikimedia.org/wikipedia/en/8/89/Little_Mix_-_Holiday.png,3
214,French Virgin Party,Glen Check,V1XOBNwAHcw,https://image.bugsm.co.kr/album/images/500/3224/322456.jpg,3
215,Church,Samm Henshaw,I_8-P4eZ1jA,https://m.media-amazon.com/images/I/51RwvMj-0YL._SS500_.jpg,3
216,Geek in the Pink,Jason Mraz,FkkzQLf874g,https://cdnimg.melon.co.kr/cm/album/images/022/61/168/2261168_500.jpg/melon/quality/80/optimize,3
217,불꽃놀이,오마이걸,fqPPmsRfBG8,https://image.yes24.com/momo/TopCate1972/MidCate010/197193671.jpg,3
218,Tiger is Coming,이날치,vmIhY9k5KYM,https://i.ytimg.com/vi/lJPXb2oLhkI/maxresdefault.jpg,3
219,Coloring Book,오마이걸,7cjZFjWBZI0,https://w.namu.la/s/6790662c6b954482e929dc214669848a5104f8f33f359b8a18c74ff1acc58c15a38116c80e18a74f2ea10af00210ae143ce5b7cf3fc8729617bbee9e40d2a0a3c715d07d8021a69df9edeab7c604fab60c87bd320c789b45a7ee807ad896b2848ef9a4bb5d127a9d8ff2e499ba1cab73,3
220,Ordinary People,SG워너비,LiJ2wV9l8vA,https://image.bugsm.co.kr/album/images/500/80229/8022965.jpg,4
221,아무 노래,지코(ZICO),GOtF5_Ow0_Y,https://cdnimg.melon.co.kr/cm2/album/images/103/75/118/10375118_20200113150502_500.jpg?b647b682e56da69ebcb1876f019e17c0,4
222,A Little Bit Of Faith,Malena Stark,-yGHxh4QryY,https://m.media-amazon.com/images/I/71Hra4TohtL._SS500_.jpg,4
223,Ship and The Globe,Kae Sun,HYJ3aasdMw8,https://image.yes24.com/goods/15059950/L,4
224,Hollywood,검정치마,WKroJiUR1Ag,https://image.yes24.com/goods/87608804/L,4
225,흔적,지영훈,WaAU0tuFrUI,https://image.bugsm.co.kr/album/images/500/6706/670695.jpg,4
226,눈,자이언티,uUt4lwddk8U,https://cdnimg.melon.co.kr/cm/album/images/101/14/798/10114798_500.jpg?07b84f5713dae3b06aabefe13bceda56,4
227,사람냄새,"정인,개리",-t2BFc8QIrA,https://image.bugsm.co.kr/album/images/500/4321/432107.jpg,4
228,옥탑방,엔플라잉,3jzBzplq_GI,https://cdnimg.melon.co.kr/cm/album/images/102/38/711/10238711_500.jpg?7cbf13fddf277329634c9a42af6e85ce,4
229,Because You Loved Me,Celine Dion,fpl4if07ics,https://img1.daumcdn.net/thumb/R800x0/?scode=mtistory2&fname=https%3A%2F%2Ft1.daumcdn.net%2Fcfile%2Ftistory%2F990CD43359A8275A11,4
230,I'm Yours,Jason Mraz,DbHhmn8Pl0k,https://img1.daumcdn.net/thumb/R720x0.q80/?scode=mtistory2&fname=http%3A%2F%2Fcfile6.uf.tistory.com%2Fimage%2F2530B437539B21E127B1D6,4
231,Lucky,Jason Mraz,GSL6p4MLv2w,https://img1.daumcdn.net/thumb/R800x0/?scode=mtistory2&fname=https%3A%2F%2Ft1.daumcdn.net%2Fcfile%2Ftistory%2F990D3A335A26F72424,4
232,시차,우원재,RsHq6Q-7NsU,https://cdnimg.melon.co.kr/cm/album/images/100/93/389/10093389_500.jpg?2850f31c924cff30df757230bb71de13,4
233,k,cigarettes after sex,L4sbDxR22z4,https://www.indeepmusicarchive.net/wp-content/uploads/2019/01/Cigarettes-After-Sex-K-single-cover-2017-300x300.png,4
234,퇴근시간,CHEEZE,HOJewCP3glw,https://image.yes24.com/goods/17881822/L,4
235,어떻게 생각해,CHEEZE,XQirTwsD_bM,https://image.bugsm.co.kr/album/images/500/200407/20040724.jpg,4
236,워커홀릭,하동균&윤종신,mNeA5th2DDs,https://image.genie.co.kr/Y/IMAGE/IMG_ALBUM/081/267/072/81267072_1568097517557_1_600x600.JPG,4
237,노래방에서,장범준,BUzI-awsi1s,https://image.bugsm.co.kr/album/images/500/202394/20239451.jpg,4
238,Way Back Home,숀,1rP7ziPDDt0,https://cdnimg.melon.co.kr/cm/album/images/101/79/508/10179508_500.jpg?7a5f915026311f6a136facc7aa9f196c,4
239,Honesty,Pink Sweat$,F4_eZI--8Vk,https://lastfm.freetls.fastly.net/i/u/ar0/3a42f0e64690260901ed1c716d93a629.jpg,4
240,네모의 꿈,화이트,pe-xR_E6v1k,https://image.bugsm.co.kr/album/images/500/54/5432.jpg,4
241,첫줄,신용재,zFoq37E_61o,https://img1.daumcdn.net/thumb/R720x0.q80/?scode=mtistory2&fname=http%3A%2F%2Fcfile7.uf.tistory.com%2Fimage%2F99076D415EFC565C1FC17A,4
242,붉은 노을,이문세,tZN2JcR_9b4,https://mblogthumb-phinf.pstatic.net/MjAxODAxMDdfMTg2/MDAxNTE1Mjc3Mjg0MTA1.E9CiMpUnaiEXk4_bD4E1QHJ1kPyShUkWyL0qxCWyMhMg.qD3fHzkvXxKR1B3JgQKQUkG7qWu3boFURh5E7hcYKc4g.JPEG.kjwkkht1125/image_1478160861515277212295.jpg?type=w800,4
243,Daylight,Taylor Swift,u9raS7-NisU,https://static.wikia.nocookie.net/taylor-swift/images/6/66/1856f767aef5bd5a0adb7585d4958c21.png/revision/latest?cb=20191124184711,4
244,Wake Me Up,아비치,K9fISloOznc,https://mblogthumb-phinf.pstatic.net/MjAxODA0MjFfMTEx/MDAxNTI0Mjg2Mjc2NjU1.ZY2YkcdPVKKbJA6I4WpYpEtccId7i7OCZq6SHk7Re6wg.jZ9c6d0LpieKVZxgvi-aQ8DcCsFBT2Bf5AcNoJ8fMZcg.JPEG.kjl784000/1889595988-01_avicii-QQHG.jpg?type=w800,4
245,High,5 Seconds of Summer,Z4NUIpynH0s,https://mblogthumb-phinf.pstatic.net/MjAyMDA0MjlfMTU5/MDAxNTg4MDg4NzA2MjE1.2YuDwfkF_i5hNzfMmZOgA5a8e6yx0vJSLFcDd_Jmyysg.cWcU8OlMRy4R7uiTBVj8NvJdEXh3JLcC6qQtF3WnR28g.JPEG.skh9740/bc53ebe06c0c39d16990e14e1439d802.1000x1000x1.jpg?type=w800,4
246,Autumn Breeze,JIDA,EzQsoZYY470,https://cdnimg.melon.co.kr/cm/album/images/100/08/087/10008087_500.jpg?bda449fcc56c299fd33a03174ddbc514,4
247,리얼리티,악동뮤지션,v4mgNaeNQzE,https://image.bugsm.co.kr/album/images/500/200752/20075281.jpg,4
248,This Happy Madness,Stacey Kent,gq1z9FUBxiE,https://i.ytimg.com/vi/eX60Gj2lGH4/hqdefault.jpg,4
249,아름다운 그대에게,원더걸스,haPK3oeW02g,https://image.bugsm.co.kr/album/images/500/200436/20043693.jpg,4
250,또 다시 사랑,임창정,7e54Bvrf3Vs,https://image.bugsm.co.kr/album/images/500/5298/529897.jpg,4
251,비도 오고 그래서,헤이즈,afxLaQiLu-o,https://cdnimg.melon.co.kr/cm/album/images/100/74/454/10074454_500.jpg?9f3f84a18af60eba11828afcf1ffd1fd/melon/quality/80/optimize,4
252,일탈,자우림,fD8iCyqcRS8,https://image.bugsm.co.kr/album/images/500/46/4667.jpg,4
253,Day Day,비와이,AMWOLv4Y_0Y,https://cdnimg.melon.co.kr/cm/album/images/026/96/637/2696637_500.jpg?a73cf7b2dd3889b819d963ace598a054,4
254,good day,"ph-1,kidmilli,루피",GlxCLA2DE2g,https://image.bugsm.co.kr/album/images/500/201984/20198427.jpg,4
255,요즘것들,"행주, 영비, 해쉬스완, 킬라그램",sF8Uk3YyT54,https://image.genie.co.kr/Y/IMAGE/IMG_ALBUM/080/975/310/80975310_1501836902302_1_600x600.JPG,4
256,A Whole New World,"Mena Massoud, Naomi Scott",3UAWm-D8in4,https://www.broadwayworld.com/ezoimgfmt/cloudimages.broadwayworld.com/columnpic10/8DBB6E23-9A1B-4CC8-BA53F7E83CAE09D2.jpg?ezimgfmt=rs:387x387/rscb12/ng:webp/ngcb12,4
257,괜찮아도 괜찮아,디오,ZhnVJcP4Mxg,https://cdnimg.melon.co.kr/cm/album/images/103/01/811/10301811_500.jpg?039203f014266d4701100ca6277271f3,4
258,출발,김동률,wTeiabRmcsQ,https://mblogthumb-phinf.pstatic.net/MjAxODEyMDNfMTc3/MDAxNTQzNzkwOTQ0NDI2.Lb5FaF-dR6M8WrMvaSZ5lEViX_M4X-F4Ffw7FIX_OdIg.IsFrm4oMtrl4VJpgitNmSn5nGp58_JeRr08PJ8mLXZQg.JPEG.raintaro/1.jpg?type=w2,4
259,출국,하림,ASVuwVhpIEg,https://image.bugsm.co.kr/album/images/500/157/15709.jpg,4
260,거꾸로 강을 거슬러 오르는 저 힘찬 연어들처럼,강산에,tLfPWyfHfWg,https://image.bugsm.co.kr/album/images/500/30/3034.jpg,4
261,Painkiller,Ruel,dTwj7PhpY9M,https://upload.wikimedia.org/wikipedia/en/f/f8/Painkiller_by_Ruel.jpg,4
262,City Girl City Boy,서교동의 밤,iZclv_JTD0U,https://image.bugsm.co.kr/album/images/500/201881/20188136.jpg,4
263,맴맴,Nashpeep,q7OLrkfQolk,https://image.bugsm.co.kr/album/images/500/201857/20185714.jpg,4
264,Google Map,"SOLE, THAMA",Yya_wRvq8ws,https://image.genie.co.kr/Y/IMAGE/IMG_ALBUM/081/693/612/81693612_1603781125714_1_600x600.JPG,4
265,It Runs Through Me,Tom Misch,QU_CoZvbLE4,https://image.bugsm.co.kr/album/images/500/7292/729277.jpg,4
266,길,god,KgXtSx8ublA,https://image.auction.co.kr/itemimage/18/01/c9/1801c9f9e1.jpg,4
267,반대가 끌리는 이유,god,jHSleVnZ_QY,https://image.bugsm.co.kr/album/images/500/80034/8003496.jpg,4
268,화려하지 않은 고백,규현,ftQF5AbDMLM,https://image.bugsm.co.kr/album/images/500/203161/20316159.jpg,4
269,아로하,조정석,3DOkxQ3HDXE,https://image.bugsm.co.kr/album/images/500/203142/20314288.jpg,4
270,오래된 노래,스탠딩 에그,bW3XExLBf7A,https://cdnimg.melon.co.kr/cm/album/images/021/48/596/2148596_500.jpg/melon/resize/282/quality/80/optimize,4
271,Little Star,스탠딩 에그,dI8NZsjRyGk,https://image.genie.co.kr/Y/IMAGE/IMG_ALBUM/080/261/762/80261762_1309850875061_1_600x600.JPG,4
272,밤새,카더가든,IwiU0tdT-t4,https://image.bugsm.co.kr/album/images/500/203473/20347347.jpg,4
273,연기,기리보이,XPwnhxc3eu8,https://i2.wp.com/m.izm.co.kr/wp-content/uploads/2020/10/%EC%98%81%ED%99%94%EA%B0%99%EA%B2%8C.jpg?fit=580%2C580&ssl=1,4
274,그대 고운 내사랑,어반자카파,vANdEL9vpjw,https://image.bugsm.co.kr/album/images/500/203175/20317548.jpg,4
275,코끝에겨울,어반자카파,_54sB2ztb4k,https://image.bugsm.co.kr/album/images/500/3987/398757.jpg,4
276,힐링이 필요해,로이킴,dY8VsUCRbwU,https://image.bugsm.co.kr/album/images/500/3487/348705.jpg,4
277,VIVA청춘,딕펑스,rl3aRKyDuHg,https://image.yes24.com/goods/8768845/L,4
278,3호선 매봉역,프라이머리,78_q9YGwXts,https://image.bugsm.co.kr/album/images/500/3456/345641.jpg,4
279,오늘,오왠,NJy0pG7FQrc,https://image.bugsm.co.kr/album/images/500/200342/20034282.jpg,4
280,나무,카더가든,cHkDZ1ekB9U,https://cdnimg.melon.co.kr/cm/album/images/102/74/611/10274611_500.jpg?90d860a67228d7aeba30f062a0fdae5d,4
281,Tight,10cm,qKrtPOwwmfg,https://image.bugsm.co.kr/album/images/500/9962/996242.jpg,4
282,어떻게지내,오반,rVXeArOQIs4,https://image.bugsm.co.kr/album/images/500/203103/20310325.jpg,4
283,네 생각,존박,QLmOezNMPnY,https://cdnimg.melon.co.kr/cm/album/images/026/97/716/2697716_500.jpg/melon/resize/282/quality/80/optimize,4
284,듣는편지,40,a5oeNwoCi-s,https://image.bugsm.co.kr/album/images/500/3558/355860.jpg,4
285,Boat,죠지,OWL1RNX7p90,https://cdnimg.melon.co.kr/cm/album/images/101/11/920/10111920_500.jpg?56adacb0e8416568714ff92fbdc14558/melon/quality/80/optimize,4
286,Starlight,태연,8zvWtLxCrLw,https://cdnimg.melon.co.kr/cm/album/images/026/93/802/2693802_500.jpg?dbe8660f9fee073a15f54e75b571cfb9,4
287,벚꽃이 지면,I.O.I (아이오아이),a7R5XAfFwSk,https://image.bugsm.co.kr/album/images/500/200340/20034077.jpg,4
288,시간의바깥,아이유,U9aJbs4Prfo,https://image.bugsm.co.kr/album/images/500/202860/20286013.jpg,4
289,unlucky,아이유,l5Rb1pNre40,https://image.bugsm.co.kr/album/images/500/202860/20286013.jpg,4
290,Help,혁오,iKx4WvgkaEc,https://image.bugsm.co.kr/album/images/350/203029/20302903.jpg,4
291,아름다운 것,언니네 이발관,E_A28NAfYdY,https://image.bugsm.co.kr/album/images/500/1612/161262.jpg,4
292,1979,Smashing Pumpkins,4aeETEoNfOg,https://upload.wikimedia.org/wikipedia/en/8/80/SmashingPumpkins-1979.jpg,4
293,여름의 끝자락,김동률,YVB8vL7rBjY,https://img.hankyung.com/photo/201908/BF.20317963.1-1200x.jpg,4
294,Rest,백예린,IqfFZ5cJ-WU,https://image.genie.co.kr/Y/IMAGE/IMG_ALBUM/081/329/064/81329064_1575961779895_1_600x600.JPG,4
295,입장정리,프라이머리,JD42_J2FaoU,https://image.bugsm.co.kr/album/images/500/3456/345641.jpg,4
296,아까워,JazzyFact,ZxBV5kC4Gcc,https://image.bugsm.co.kr/album/images/500/2431/243191.jpg,4
297,very good(Rough ver.),블락비,DTdie3u7ROI,"https://cdnimg.genie.co.kr/Y/IMAGE/IMG_ALBUM/080/420/516/80420516_1406124232427_1_600x600.JPG/dims/resize/Q_80,0",5
298,소년점프,마미손,Ldoi4jfsZG4,https://image.bugsm.co.kr/album/images/500/202064/20206446.jpg,5
299,High Hopes,panic! At the Disco,fH_OnJk6QqU,https://vignette.wikia.nocookie.net/panicatthedisco/images/5/5c/High_Hopes.jpeg/revision/latest?cb=20190725043757,5
300,Boss Bitch,Doja Cat,9QAevjELLMs,https://upload.wikimedia.org/wikipedia/en/7/7f/Doja_Cat_-_Boss_Bitch.png,5
301,Fleur East,Sax,N5P2GfF71NI,"https://cdnimg.genie.co.kr/Y/IMAGE/IMG_ALBUM/080/737/902/80737902_1447226438090_1_600x600.JPG/dims/resize/Q_80,0",5
302,출첵,다이나믹 듀오,etIEvQ_qsP0,https://cdnimg.melon.co.kr/cm/album/images/003/52/134/352134_500.jpg/melon/resize/282/quality/80/optimize,5
303,Smells Like Teen Spirit,Nirvana,hTWKbfoikeg,https://cdnimg.melon.co.kr/cm/album/images/020/15/169/2015169_500.jpg,5
304,HIP,마마무,KhTeiaCezwM,https://post-phinf.pstatic.net/MjAxOTExMTRfMTAy/MDAxNTczNjk5NzMxOTY3.y2OQOAZy63TArDEXw1_0otEEHYYLcQK7nBTW81pEpYkg.D8aTwe52g7BLVUxD8qRWYhyTpySqi1MiL4kmJPcTuGsg.JPEG/%EB%A7%88%EB%A7%88%EB%AC%B4.jpg?type=w1200,5
305,Teeth,5 Seconds Of Summer,JWeJHN5P-E8,https://mblogthumb-phinf.pstatic.net/MjAxOTEyMzFfMjMg/MDAxNTc3NzY5OTc4MzA3.DKZxnQCFkoXrq_Hj_DXn8TJjoT0fq5ufeS9UIMbhEwUg.DGt_-zlo1DgkhdGUGROOzRzpBP18lSULL_7pTxk-J_4g.JPEG.kjl784000/Teeth.jpg?type=w800,5
306,Finesse (Remix) (feat. Cardi B),Bruno Mars,LsoLEjrDogU,https://cdnimg.melon.co.kr/cm/album/images/101/25/680/10125680_500.jpg?a3c3a026608b35f26473bf198a67266c/melon/quality/80/optimize,5
307,Bad Blood,Taylor Swift,QcIy9NiNbmo,https://upload.wikimedia.org/wikipedia/en/9/9b/Taylor_Swift_Feat._Kendrick_Lamar_-_Bad_Blood_%28Official_Single_Cover%29.png,5
308,그건 니 생각이고,장기하와 얼굴들,h28fhU-mjDA,https://cdnimg.melon.co.kr/cm/album/images/102/16/020/10216020_500.jpg?b22a5a35a5d8040e040e0a12bbc2ed5b/melon/quality/80/optimize,5
309,테스형,나훈아,MRrXRlVd0P0,https://img.khan.co.kr/news/2020/09/02/l_2020090201000363900023343.jpg,5
310,"수고했어, 오늘도",옥상달빛,U3e4AOd-DzE,https://image.bugsm.co.kr/album/images/500/2793/279351.jpg,5
311,Never break,John legend,QqLvUJiU_DA,https://image.bugsm.co.kr/album/images/500/143123/14312380.jpg,5
312,Love me less,MAX,ZznsQjzlHIE,https://blogthumb.pstatic.net/MjAxOTA0MjFfMTY4/MDAxNTU1ODI2MTYxNDEw.FunyxuCSy5bJb_OwA69ZNuRtFiaq7NIDw-hg4EKVqfsg.IzLvlUOuIP6W9O1mySMy1dPQ708GcJ38rEVOSlGAKqgg.JPEG.mazokiki0405/max_-_love_me_less.jpeg?type=w2,5
313,잠시만안녕,엠씨더맥스,6ySoUF-9Ofk,https://image.bugsm.co.kr/album/images/500/222/22287.jpg,5
314,Chitty Chitty Bang Bang,이효리,5cnZrmpk69s,https://spnimage.edaily.co.kr/images/Photo/files/NP/P/2010/03/PP10032900004.JPG,5
315,믿어선 안될 말,Nell,59z78M-E9z0,https://cdnimg.melon.co.kr/cm/album/images/021/71/897/2171897_500.jpg/melon/quality/80/optimize,5
316,Shut Up and Dance,Walk The Moon,GGsuLVlLObc,"https://cdnimg.genie.co.kr/Y/IMAGE/IMG_ALBUM/080/488/300/80488300_1417599050479_1_600x600.JPG/dims/resize/Q_80,0",5
317,Don't Look Back in Anger,오아시스,dxOn-aZZ9z0,https://blogthumb.pstatic.net/MjAxOTA5MTZfMjY2/MDAxNTY4NTk5NDM0MDQ3.FosN1hjYklpY63b13ebbtwMjDQ80jYPO_31U801pPlQg.-NtUqjoBEcjTHJ-LOLYOq-j0PWINaBUU5pFxqJ_1N7Ug.JPEG.hemerastella/Don%27t_Look_Back_In_Anger.jpg?type=w2,5
318,헷갈려,자이언티,rjPK7sKAllk,https://encrypted-tbn0.gstatic.com/images?q=tbn%3AANd9GcQnhujDHkqwVIhNoFPIXCmosUrDywwq-HQSyA&usqp=CAU,5
319,에잇,아이유,5_IYVichXbA,https://t1.daumcdn.net/thumb/R720x0.fjpg/?fname=http://t1.daumcdn.net/brunch/service/user/T0F/image/JscMkKXeH8QTnmeBM6qNTDiXJWc.jpg,5
320,Don't Cry,더 크로스,QfiJEggNNnk,https://img1.daumcdn.net/thumb/R720x0.q80/?scode=mtistory2&fname=http%3A%2F%2Fcfile30.uf.tistory.com%2Fimage%2F2475404852143EF539ABFD,5
321,노땡큐,에픽하이,IWv9WeuJVMk,https://cdnimg.melon.co.kr/cm/album/images/101/05/030/10105030_500.jpg?ebdf07cb0a796843c67b715cb86a9255/melon/resize/282/quality/80/optimize,5
322,사계,엠씨더맥스,H30Dguzmrf0,https://image.bugsm.co.kr/album/images/500/202198/20219840.jpg,5
323,The prayer,"Andrea Bocelli, Celine Dion",W8DGuvab_Lc,https://upload.wikimedia.org/wikipedia/en/5/59/The_Prayer_promo.jpg,5
324,11:11,태연,XReCgXhOg3E,https://i1.sndcdn.com/artworks-000192316000-ana50v-t500x500.jpg,5
325,Band,창모,bsgBUM2Mnsw,https://image.bugsm.co.kr/album/images/500/202588/20258860.jpg,5
326,안드로메다,무키무키만만수,0LL8_AFBlGo,https://image.yes24.com/goods/6854912/L,5
327,별의노래,마미손,f1nHP9OdFhc,https://image.bugsm.co.kr/album/images/500/9553/955312.jpg,5
328,땡큐땡큐,마미손,_x-8tI1V4QQ,https://image.bugsm.co.kr/album/images/500/9553/955312.jpg,5
329,Can't Nobody,2NE1,NZkDb5144M8,https://4.bp.blogspot.com/_zjVydElJEho/TMxksZE83FI/AAAAAAAAAro/yQhQtDcKibI/s1600/Made+by+F**CKED.png,5
330,소나기,버스커버스커,xtxVjz_dJXI,https://p2.music.126.net/-79yip9zu8K1iuEOBBlUcw==/6645448278388950.jpg,5
331,짠해,Simon Dominic,BiqVnkNWksc,https://1.bp.blogspot.com/-WGbZtwoC-vY/TqS9dqgUPNI/AAAAAAAABeM/KuW2VcYka5w/s280/simond-lyrics-mp3-at-kakakcashierblogspotcom.jpg,5
332,좀비,데이식스,TnRdJcrCt6c,https://cdnimg.melon.co.kr/cm2/album/images/104/28/497/10428497_20200511134253_500.jpg?19660516aa86598ffe431579a1695f9c/melon/resize/282/quality/80/optimize,5
333,Kill this love,블랙핑크,EVoGS2m-qyc,https://cdnimg.melon.co.kr/cm/album/images/102/70/288/10270288_500.jpg?a72782078f03aa8b0de1c17c1bf782ba,5
334,How you like that,블랙핑크,8mA6jIeojnk,https://upload.wikimedia.org/wikipedia/en/e/eb/Blackpink_-_How_You_Like_That.png,5
335,Highway,트웰브,kItao5VA7C0,https://t1.daumcdn.net/cfile/tistory/99DD9B4F5F32D32C32,5
336,나쁜 피,매드클라운,yvEkvSBS0u4,"https://cdnimg.genie.co.kr/Y/IMAGE/IMG_ALBUM/080/845/749/80845749_1468575004187_1_600x600.JPG/dims/resize/Q_80,0",5
337,Fire,방탄소년단,ZbWo60LyvXc,https://i.pinimg.com/originals/9e/99/c4/9e99c4e82208c4df4686f5626b3052b9.jpg,5
338,Break,빈지노,oqPjeXOXKls,https://i.pinimg.com/originals/c2/12/9c/c2129caa0106f574fbe2b86f9673773b.jpg,5
339,Painkiller,루엘,Lc5kWC2SP8s,https://img1.daumcdn.net/thumb/R720x0.q80/?scode=mtistory2&fname=http%3A%2F%2Fcfile6.uf.tistory.com%2Fimage%2F999205395CDA7A3A1BC6AA,5
340,DANCE MONKEY,TONES AND I,Hx4nWW9z0ig,https://i1.sndcdn.com/artworks-000590045237-wp59n7-t500x500.jpg,5
341,FIRE,식케이,2rOHgG3vUNU,https://t1.daumcdn.net/cfile/tistory/99CA68475BCED0B236,5
342,호루라기,"스윙스, 한요한",Ut1zNjierRQ,https://image.genie.co.kr/Y/IMAGE/IMG_ALBUM/081/234/429/81234429_1561623895165_1_600x600.JPG,5
343,Mood Maker,한요한,lC5G6ZLtj8o,https://cdnimg.melon.co.kr/cm/album/images/101/93/595/10193595_500.jpg?0964b146631b7f783ce30b16ba222c23,5
344,레게 강 같은 평화 RGP,당 디기 방,z035z3A8HDs,https://pbs.twimg.com/profile_images/754210722435899394/h0S3ou0Q_400x400.jpg,5
345,Baby I'M A ROCKSTAR,한요한,J_kiw_SMRtw,https://image.genie.co.kr/Y/IMAGE/IMG_ALBUM/081/093/331/81093331_1533892059598_1_600x600.JPG,5
346,천둥벌거숭이,지코(ZICO),NMoSy3B7hZ0,https://images.genius.com/70fc402fe83d7220379f7ff6e3ec8dfa.680x680x1.jpg,5
347,헬리콥터,한요한,KmFi2DGGTww,https://image.genie.co.kr/Y/IMAGE/IMG_ALBUM/081/067/061/81067061_1527062573849_1_600x600.JPG,5
348,그렇고 그런 사이,장기하와 얼굴들,s67PqkEw-oU,https://cdnimg.melon.co.kr/cm/album/images/013/01/558/1301558_500.jpg,5
349,Gladiator,Zayde Wolf,fT67ta4VrQQ,https://i1.sndcdn.com/artworks-000280020257-ag08et-t500x500.jpg,5
350,Blood,Grandson,Sk-U8ruIQyA,https://images-wixmp-ed30a86b8c4ca887773594c2.wixmp.com/f/28eec1c5-7348-434e-8682-b7b054102b7b/dcb6hgo-83d1ed5d-0863-4b70-ad83-5e8259ab2b9c.png?token=eyJ0eXAiOiJKV1QiLCJhbGciOiJIUzI1NiJ9.eyJzdWIiOiJ1cm46YXBwOiIsImlzcyI6InVybjphcHA6Iiwib2JqIjpbW3sicGF0aCI6IlwvZlwvMjhlZWMxYzUtNzM0OC00MzRlLTg2ODItYjdiMDU0MTAyYjdiXC9kY2I2aGdvLTgzZDFlZDVkLTA4NjMtNGI3MC1hZDgzLTVlODI1OWFiMmI5Yy5wbmcifV1dLCJhdWQiOlsidXJuOnNlcnZpY2U6ZmlsZS5kb3dubG9hZCJdfQ.m1j34MMrUoFpX4WoO--cutLqfooCBC_x--xkkwmkO1Y,5
351,D. M. S,The Million,BesMWMNRvio,https://cdns-images.dzcdn.net/images/cover/f6031443de768c52358289ec479e23eb/264x264.jpg,5
352,I drive me mad,Renforshort,8cgI5VDNFiw,https://images.genius.com/284f16357701cf76897b4f21ebc17fe7.1000x1000x1.jpg,5
353,Imho,Flor,byguIw36t8M,https://image.bugsm.co.kr/album/images/500/9926/992627.jpg,5
354,People I don’t like,UPSAHL,EGne6NU1rCc,https://mblogthumb-phinf.pstatic.net/MjAyMDA4MjRfODUg/MDAxNTk4MjQ5MjIwMTgy.qMaGsFE_6dnA0IfeNGaG3RF2yx7j2BtlHeoFadJv2Hkg.g2LrwD-kWS1h388RmLL39Cc7gVZ0QjqFywKnUFSPvs0g.JPEG.gold0488/UPSAHL-People-I-Dont-Like.jpg?type=w800,5
355,Angry too,lola blanc,X1Dhy8a4PFQ,https://i.pinimg.com/564x/16/ce/d9/16ced95bdb1e204541cc6aa4dbf16663.jpg,5
356,Champion,Bishop Briggs,6QpyB1b5sdg,https://music-b26f.kxcdn.com/wp-content/uploads/2019/07/Bishop-Briggs-Single-Artwork-600x600.png,5
357,Mambo,Nikki Vianna,KK061LaBmco,https://m.media-amazon.com/images/I/71JzY6yOj6L._SS500_.jpg,5
358,Juice,Lizzo,9y4sFUmiwB0,https://i.ytimg.com/an/XaCrQL_8eMY/1a428eec-c21d-4c5b-ab96-2cde230ac2f1_mq.jpg?v=5c2f6690,5
359,4EVERYTHING,Ace Hashimoto,LSu49Fcy3cs,https://images.shazam.com/coverart/t440794474-b1483124518_s400.jpg,6
360,First Date (Feat. Wade & Tyler Alexis),The Hauser Project,KQ_u5aqrtZs,https://f4.bcbits.com/img/a0524634516_10.jpg,6
361,BUILT FOR LOVE,PJ Morton,8ATW2PJsC9k,https://image.bugsm.co.kr/album/images/500/202704/20270445.jpg,6
362,Follow,Tom Misch & Laura Misch,mdESKtS434k,"https://cdnimg.genie.co.kr/Y/IMAGE/IMG_ALBUM/081/045/232/81045232_1521682951160_1_600x600.JPG/dims/resize/Q_80,0",6
363,Choc Promo,Sound Providers,mPOxYAMR80I,https://image.genie.co.kr/Y/IMAGE/IMG_ALBUM/039/814/787/39814787_1592900709750_1_600x600.JPG,6
364,Summer nights.,halberd,Fca2dBp_yJM,https://geo-media.beatport.com/image/cdd0d945-7356-4e6f-a2c7-068c4ce95e63.jpg,6
365,the happiness of seeing someone again,Burbank,qz6xFSugu_U,https://lite-images-i.scdn.co/image/ab67616d00001e02bb6bf28a56b2ee410ac91493,6
366,we used to talk every night,elijah who,ENLFl2b6raI,https://i1.sndcdn.com/artworks-000206899339-3bl0zr-t500x500.jpg,6
367,June Gloom.,prima,av6twyhq8gs,https://i1.sndcdn.com/artworks-000177382079-1xfrws-t500x500.jpg,6
368,Be Mine,Jazzinuf,dUr5yk_FAnE,https://image.bugsm.co.kr/album/images/500/202827/20282716.jpg,6
369,seeing your name makes me happy,Burbank,G3-AsJ3CKss,https://encrypted-tbn0.gstatic.com/images?q=tbn%3AANd9GcSUqQ3t4GFjrNmSRss-VDSaYA1MAo0NeohsNA&usqp=CAU,6
370,Finding Parking,Joey Pecoraro,zJySsufaoFc,https://i1.sndcdn.com/artworks-000209001949-vlgz82-t500x500.jpg,6
371,Partly Sunny,Joey Pecoraro,IJ6E78ZoO54,https://i1.sndcdn.com/artworks-000209001949-vlgz82-t500x500.jpg,6
372,Warm,Joey Pecoraro,cJlYvAeGvWc,https://m.media-amazon.com/images/I/719KdBo+NZL._SS500_.jpg,6
373,"Sincerely, Yours",Sophie Meiers,U73zB1aH8V0,https://s.mxmcdn.net/images-storage/albums4/4/6/9/1/7/7/36771964_800_800.jpg,6
374,Wait For You,Gowe & Sam Ock,mhASujJoYcY,https://cdnimg.melon.co.kr/cm/album/images/023/03/464/2303464_500.jpg/melon/quality/80/optimize,6
375,Thoughts,Mickey cho,QKv8oBhj3B8,https://encrypted-tbn0.gstatic.com/images?q=tbn%3AANd9GcTNPwIYM3V_VFYUUY2VCMokCMQeHO7771bzwA&usqp=CAU,6
376,Do you know,A June,ytQxL_zphKo,https://encrypted-tbn0.gstatic.com/images?q=tbn%3AANd9GcQJHkxKjVH3GdIB-oqnsbarRKb_vq-tl5AN3g&usqp=CAU,6
377,Sound Of Music,LHA,rj5N26-o8r0,https://image.genie.co.kr/Y/IMAGE/IMG_ALBUM/080/275/175/80275175_1322114181591_1_600x600.JPG,6
378,Shoulders Of Giants,LeeHahn,HJtICBjiPbY,https://is4-ssl.mzstatic.com/image/thumb/Music122/v4/b7/55/62/b7556288-9774-d8b2-6a2c-0b857d806f35/191061221029.jpg/1200x630wp.png,6
379,Moving On,AZitiZ,SWBzjDTTf2I,https://image.bugsm.co.kr/album/images/500/4630/463036.jpg,6
380,45,"Pe2ny, MYK",zAdX_4bxGM4,https://image.genie.co.kr/Y/IMAGE/IMG_ALBUM/080/633/931/80633931_1436345146819_1_600x600.JPG,6
381,Nowhere But Up,Part Time Cooks,scJ--aMCjec,"https://cdnimg.genie.co.kr/Y/IMAGE/IMG_ALBUM/080/768/290/80768290_1450767471288_1_600x600.JPG/dims/resize/Q_80,0",6
382,Earth Angel,"Cise Star, Marcus D",Iey-7hLh1wE,https://i.ytimg.com/vi/SZAsVNvteMM/hqdefault.jpg,6
383,Quizas Quizas Quizas,Lisa Ono,rmwzAF_pYSA,https://cdns-images.dzcdn.net/images/cover/52197a2b713676fb715022a9af2a7004/350x350.jpg,6
384,I Wish You Love,Lisa Ono,T_8o2oEt2hg,https://image.bugsm.co.kr/album/images/500/221/22162.jpg,6
385,I Love You For Sentimental Reasons,Laura Fygi,azN8caKp9hU,https://img1.daumcdn.net/thumb/R720x0.q80/?scode=mtistory2&fname=http%3A%2F%2Fcfile28.uf.tistory.com%2Fimage%2F99F99B3359A2FBEE1A6F45,6
386,Love Came For Me,Kei Kobayashi,aLpC5OTg_Ls,https://image.genie.co.kr/Y/IMAGE/IMG_ALBUM/015/019/113/15019113_1462859278193_1_600x600.JPG,6
387,Fly Me To The Moon,Megumi Hayashibara,uhznt0j4rYw,https://m.media-amazon.com/images/I/91VRK0sutNL._SS500_.jpg,6
388,My Funny Valentine,Chet Baker,0o-XwxKZIQA,https://images-na.ssl-images-amazon.com/images/I/513eKpFRAzL.jpg,6
389,As Time Goes By,Bryan Ferry,6aXCsy0S4Wk,https://upload.wikimedia.org/wikipedia/en/b/b4/As_Time_Goes_By_%28Bryan_Ferry_album%29.jpg,6
390,독백이라 착각하기 쉽다,윤석철 트리오,IGOPAnPTQhw,https://image.genie.co.kr/Y/IMAGE/IMG_ALBUM/081/056/972/81056972_1524477539072_1_600x600.JPG,6
391,Someday My Fxxxxx Will Come,윤석철 트리오,WHRWsrUHgKs,https://images.shazam.com/coverart/t161964849-b945256704_s400.jpg,6
392,눈 내린 새벽,강아솔&임보라,u1I6WcpIWkY,https://image.bugsm.co.kr/album/images/500/4778/477864.jpg,6
393,끝 말,강아솔&임보라,eI9P4aZ_13o,https://image.bugsm.co.kr/album/images/500/4720/472011.jpg,6
394,Water Pig,R?mi Panossian Trio,ghKxzlPn9VM,https://images.shazam.com/coverart/t248407103-b980280844_s400.jpg,6
395,Morning Smile,R?mi Panossian Trio,l0P-oKo1Gls,https://is4-ssl.mzstatic.com/image/thumb/Music128/v4/d9/5a/b0/d95ab06e-788d-de56-f807-f082485a97ec/3341348161273_cover.jpg/1200x630wp.png,6
396,Merry-Go-Round (from 'Howl's Moving Castle'),Joe Hisaishi,UwxatzcYf9Q,https://m.media-amazon.com/images/I/71FlmQfuCsL._SS500_.jpg,6
397,Miryang Arirang,Giovanni Mirabassi,ug2kzhtvQnc,https://cdnimg.melon.co.kr/cm/album/images/011/69/251/1169251.jpg,6
398,Lloro,Giovanni Mirabassi,gQB-0Dq42Fw,https://f4.bcbits.com/img/a4290378795_10.jpg,6
399,Billie Jean,윈터플레이,FRNzeipgWn4,https://www.akbobada.com/home/akbobada/archive/akbo/img/39973.jpg,6
400,Pure Heart,윈터플레이,eDYwtgJeHWI,https://images.shazam.com/coverart/t92007075-b1384357270_s400.jpg,6
401,You Make Me Smile,Sweet Jazz,5cgXKpj8md0,https://image.genie.co.kr/Y/IMAGE/IMG_ALBUM/081/074/804/81074804_1529287296089_1_600x600.JPG,6
402,When I Miss You,Sweet Jazz,0qGR52q9zrA,https://image.genie.co.kr/Y/IMAGE/IMG_ALBUM/081/074/804/81074804_1529287296089_1_600x600.JPGG,6
403,The Beauty Of Gray,Sweet Jazz,94FxSE-te9w,https://image.genie.co.kr/Y/IMAGE/IMG_ALBUM/081/074/804/81074804_1529287296089_1_600x600.JPG,6
404,Santa Is Coming,Sweet Jazz,9WXiwejV_ns,https://image.genie.co.kr/Y/IMAGE/IMG_ALBUM/081/074/804/81074804_1529287296089_1_600x600.JPG,6
405,We Will Be Good,Sweet Jazz,uBC4H-8CY7g,https://image.genie.co.kr/Y/IMAGE/IMG_ALBUM/081/074/804/81074804_1529287296089_1_600x600.JPG,6
406,Jazz Water,Sweet Jazz,LHJtoA5pFCY,https://image.genie.co.kr/Y/IMAGE/IMG_ALBUM/081/074/804/81074804_1529287296089_1_600x600.JPG,6
407,Sweet Jazz with Coffee,Sweet Jazz,35TuELobKRU,https://image.genie.co.kr/Y/IMAGE/IMG_ALBUM/081/074/804/81074804_1529287296089_1_600x600.JPG,6
408,Tokyo Night,Sweet Jazz,dZlaz2hNFU0,https://image.genie.co.kr/Y/IMAGE/IMG_ALBUM/081/074/804/81074804_1529287296089_1_600x600.JPG,6
409,Flower Dance,DJ Okawari,AULG4MoYxQk,https://cdnimg.melon.co.kr/cm/album/images/010/30/317/1030317_500.jpg/melon/quality/80/optimize,7
410,Last Carnival.,Norihiro Tsuru,hG1gbOjWWdI,https://cdnimg.melon.co.kr/cm/album/images/026/41/957/2641957_500.jpg/melon/quality/80/optimize,7
411,Kiss the Rain,Yiruma,imGaOIm5HOk,https://i1.sndcdn.com/artworks-000212199540-6958as-t500x500.jpg,7
412,Luv Letter,DJ Okawari,CGvIzFRcRMA,https://i1.sndcdn.com/artworks-000108515055-d93asy-t500x500.jpg,7
413,Chaconne,Yiruma,8QF1OWtRTVc,https://image.genie.co.kr/Y/IMAGE/IMG_ALBUM/080/275/075/80275075_1322033680656_1_600x600.JPG,7
414,River Flows In You,Yiruma,zwJQE0HkYZw,https://image.bugsm.co.kr/album/images/500/104/10411.jpg,7
415,Love Me,Yiruma,N7p2UeB_QRM,https://image.genie.co.kr/Y/IMAGE/IMG_ALBUM/080/275/075/80275075_1322033680656_1_600x600.JPG,7
416,May Be,Yiruma,jlitjMNaZPw,https://image.genie.co.kr/Y/IMAGE/IMG_ALBUM/080/275/075/80275075_1322033680656_1_600x600.JPG,7
417,Indigo,Yiruma,acDyYYKxdhE,https://image.genie.co.kr/Y/IMAGE/IMG_ALBUM/080/275/075/80275075_1322033680656_1_600x600.JPG,7
418,Reminiscent,Yiruma,vBNEsK_z6s4,https://image.genie.co.kr/Y/IMAGE/IMG_ALBUM/080/275/075/80275075_1322033680656_1_600x600.JPG,7
419,Romance,Yuhki Kuramoto,lYUGkB5w1SE,https://image.bugsm.co.kr/album/images/500/20/2003.jpg,7
420,Summer,Joe Hisaishi,Xrj9L2ez6IA,https://image.bugsm.co.kr/album/images/500/238/23889.jpg,7
421,Salut d'Amour Op.12,Edward Elgar,ecM7_3rs5gU,https://post-phinf.pstatic.net/MjAxNzA3MjVfMTY5/MDAxNTAwOTgzMjU5ODcx.Lf_eLpmlJOulj6AN1y5X--poO6FlMjkc9g9ky6osgnsg.At05F6WP68UBZJ5Oymb_AWR0IBs9IG6srJ05TPQlwJYg.JPEG/image_3222617081500983255465.jpg?type=w1200,7
422,Claire de Lune,Debussy,zpIgoy3Q1OE,https://image.yes24.com/goods/77683177/L,7
423,Nocturne op.9 No.2,Chopin,9E6b3swbnWg,https://image.aladin.co.kr/product/832/21/cover500/6976904123_1.jpg,7
424,Kinderszenen Op.15-VII. Traumerei,Schumann,ZmpEePYp8gQ,https://image.genie.co.kr/Y/IMAGE/IMG_ALBUM/080/977/056/80977056_1502335722635_1_600x600.JPG,7
425,Cavalleria rusticana: Intermezzo,Herbert von Karajan,Xi9_xm3oRzY,https://cdns-images.dzcdn.net/images/cover/349df1e8872835dc8004ddf8d15ba58c/350x350.jpg,7
426,Spring,Joe Hisaishi,_7jTnc-LUg0,https://image.bugsm.co.kr/album/images/500/80069/8006992.jpg,7
427,"Piano Sonata No. 12 in F Major, K. 332 - 1. Allegro",Mozart,UYUO8W7wVv8,https://assets.classicfm.com/2012/31/mozart-1343837321-editorial-short-form-1.jpg,7
428,Flute Concerto_No_2_in_D_Major_K_314,Mozart,E7ygLbH2cr8,https://assets.classicfm.com/2012/31/mozart-1343837321-editorial-short-form-1.jpg,7
429,String Quintet No.5 in D major K.593: I. Larghetto - Allegro,Mozart,IijSFgxcy3M,https://assets.classicfm.com/2012/31/mozart-1343837321-editorial-short-form-1.jpg,7
430,Moments Musicaux D.780 No.3,F.Schubert,Az9pB4ypuLU,https://www.biography.com/.image/t_share/MTE1ODA0OTcxNzgwMTc5NDY5/franz-schubert-9475558-1-402.jpg,7
431,Die Forelle,F.Schubert,5paSm3-4gv4,https://www.biography.com/.image/t_share/MTE1ODA0OTcxNzgwMTc5NDY5/franz-schubert-9475558-1-402.jpg,7
432,Mascagni: Cavalleria rusticana: Intermezz,Herbert von Karajan,Xi9_xm3oRzY,https://cdns-images.dzcdn.net/images/cover/349df1e8872835dc8004ddf8d15ba58c/350x350.jpg,7
433,5. Cavatina. Adagio molto espressiv,Amadeus Quartet,xm2J20LMdmU,https://m.media-amazon.com/images/I/81QNQYjtV9L._SS500_.jpg,7
434,"Piano Concerto No. 2 in C Minor, Op. 1",Sviatoslav Richter,t5jmkRnpxq4,"https://cdnimg.genie.co.kr/Y/IMAGE/IMG_ALBUM/080/273/421/80273421_1531378151695_1_600x600.JPG/dims/resize/Q_80,0",7
435,"Scheherazade, Op. 35/III. The Young Prince and the Young Princess",Eugene Ormandy,C6lqVmcMye4,https://m.media-amazon.com/images/I/71f8JQl4zzL._SS500_.jpg,7